positionId,positionName,companyFullName,companySize,industryField,financeStage,createTime,city,salary,workYear,jobNature,education
6868951,python后端开发工程师,上海九鞅科技有限公司,15-50人,金融 数据服务,不需要融资,2020-04-07 22:31:00,上海,8k-16k,1-3年,全职,本科
6413833,高级Python开发工程师,建信金融科技有限责任公司,2000人以上,金融 软件开发,不需要融资,2020-04-07 22:19:12,北京,20k-40k,3-5年,全职,本科
6877483,python,奥解思信息科技（上海）有限公司,500-2000人,金融,上市公司,2020-04-07 22:18:45,上海,15k-22k,3-5年,全职,本科
6918994,python后端开发工程师,在线途游（北京）科技有限公司,150-500人,移动互联网 游戏,B轮,2020-04-07 22:16:21,北京,20k-40k,3-5年,全职,本科
6726430,python工程师,深圳市搜电科技发展有限公司,150-500人,移动互联网 硬件,不需要融资,2020-04-07 22:13:06,深圳,15k-20k,3-5年,全职,本科
6836537,python数据开发工程师,北京能量盒科技有限公司上海分公司,500-2000人,游戏,B轮,2020-04-07 22:10:27,北京,15k-25k,1-3年,全职,本科
6946833,python,易宝软件科技（南京）有限公司,150-500人,移动互联网,上市公司,2020-04-07 22:04:11,南京,10k-20k,3-5年,全职,本科
6149940,Python开发工程师（研发效率方向）,北京字节跳动科技有限公司,2000人以上,文娱丨内容,C轮,2020-04-07 22:03:03,上海,25k-50k,3-5年,全职,本科
6849245,Python大数据开发实习生（2021春招）,上海莉莉丝科技股份有限公司,500-2000人,移动互联网 游戏,不需要融资,2020-04-07 21:58:32,上海,6k-8k,应届毕业生,全职,本科
6850439,python开发工程师,深圳市橙智科技有限公司,50-150人,移动互联网,不需要融资,2020-04-07 21:58:12,深圳,15k-30k,1-3年,全职,本科
5857710,python后端开发工程师,深圳开思时代科技有限公司,500-2000人,移动互联网 电商,C轮,2020-04-07 21:57:59,深圳,20k-30k,5-10年,全职,本科
6578063,高级 Python 工程师,爱客科技（深圳）有限公司,50-150人,电商,不需要融资,2020-04-07 21:55:27,深圳,25k-35k,5-10年,全职,本科
6767405,Python后端开发工程师SH,通联数据股份公司,500-2000人,金融,不需要融资,2020-04-07 21:54:43,上海,10k-20k,1-3年,全职,本科
4909121,高级python研发工程师,北京源清慧虹信息科技有限公司,50-150人,信息安全 数据服务,B轮,2020-04-07 21:49:47,北京,20k-30k,3-5年,全职,本科
6931484,python开发工程师（安全方向）,上海喜马拉雅科技有限公司,2000人以上,移动互联网 文娱丨内容,D轮及以上,2020-04-07 21:46:39,上海,20k-35k,3-5年,全职,本科
6797849,python开发工程师G00322,上海谷露软件有限公司,50-150人,数据服务 企业服务,A轮,2020-04-07 20:59:06,上海,20k-40k,不限,全职,本科
6903543,python后端,易宝软件科技（南京）有限公司,150-500人,移动互联网,上市公司,2020-04-07 21:59:47,西安,10k-20k,1-3年,全职,本科
5617112,python后端工程师,浙江天垂科技有限公司,15-50人,数据服务 企业服务,天使轮,2020-04-07 21:43:13,杭州,15k-30k,不限,全职,本科
6956770,资深开发工程师&amp;技术专家（GO/Python）,上海基分文化传播有限公司,500-2000人,文娱丨内容,上市公司,2020-04-07 21:33:18,北京,25k-50k,3-5年,全职,本科
6375880,Python开发工程师,北京金堤科技有限公司,150-500人,数据服务,不需要融资,2020-04-07 21:32:03,北京,15k-25k,3-5年,全职,本科
6943398,Python开发工程师,杭州兑吧网络科技有限公司,500-2000人,移动互联网,上市公司,2020-04-07 21:30:46,杭州,15k-25k,3-5年,全职,本科
6531220,python后端工程师,上海众言网络科技有限公司,150-500人,移动互联网,C轮,2020-04-07 21:27:11,上海,12k-18k,3-5年,全职,本科
6931554,西安子公司- Python 后台开发工程师,腾讯科技（深圳）有限公司,2000人以上,社交,上市公司,2020-04-07 21:26:16,西安,20k-30k,3-5年,全职,本科
6565264,Python后端高级开发工程师-抖音/火山,北京字节跳动科技有限公司,2000人以上,文娱丨内容,C轮,2020-04-07 21:25:34,北京,20k-40k,1-3年,全职,本科
3830574,python开发工程师,广州游爱网络技术有限公司,500-2000人,移动互联网 游戏,上市公司,2020-04-07 21:16:37,广州,10k-14k,1-3年,全职,大专
6403486,Python开发工程师,华控清交信息科技（北京）有限公司,50-150人,数据服务,A轮,2020-04-07 21:07:46,北京,20k-40k,3-5年,全职,本科
6904720,python 开发工程师 （业务风控）,北京智者天下科技有限公司,500-2000人,社交,D轮及以上,2020-04-07 21:04:13,北京,15k-30k,不限,全职,本科
6310363,python web开发主管,嘉兴构美信息技术有限公司,150-500人,电商,天使轮,2020-04-07 21:03:42,杭州,20k-35k,5-10年,全职,本科
6807320,Python研发工程师,北京神州绿盟信息安全科技股份有限公司,500-2000人,信息安全,上市公司,2020-04-07 21:02:24,北京,13k-25k,3-5年,全职,本科
5734749,Python中级开发工程师,北京快快网络技术有限公司,500-2000人,金融,B轮,2020-04-07 21:01:26,北京,20k-25k,不限,全职,本科
6951634,python开发工程师,易宝软件科技（南京）有限公司,150-500人,移动互联网,上市公司,2020-04-07 21:59:47,杭州,10k-20k,1-3年,全职,本科
6316569,高级python后端开发工程师,上海众言网络科技有限公司,150-500人,移动互联网,C轮,2020-04-07 21:27:11,上海,20k-35k,5-10年,全职,本科
6902935,python开发实习生G00328,上海谷露软件有限公司,50-150人,数据服务 企业服务,A轮,2020-04-07 20:59:05,上海,3k-6k,不限,全职,本科
6952844,研发工程师--Python开发方向（应届生）,深圳市前海房极客网络科技有限公司,150-500人,移动互联网 企业服务,B轮,2020-04-07 20:55:22,深圳,7k-9k,应届毕业生,全职,本科
6884005,python开发,华为技术有限公司,2000人以上,通讯电子,不需要融资,2020-04-07 20:54:50,杭州,15k-25k,3-5年,全职,本科
6806565,python开发工程师,上海微创软件股份有限公司,2000人以上,企业服务 移动互联网,不需要融资,2020-04-07 20:54:01,上海,17k-23k,3-5年,全职,不限
4120370,Python高级开发工程师,深圳市明源云客电子商务有限公司,2000人以上,电商,上市公司,2020-04-07 20:52:06,深圳,15k-30k,3-5年,全职,本科
2688021,高级Python后端研发工程师,上海斗象信息科技有限公司,150-500人,信息安全,C轮,2020-04-07 20:50:29,上海,10k-15k,1-3年,全职,本科
6690838,Python下单机器人工程师（Selenium方向,上海别样秀数据科技有限公司,150-500人,移动互联网 电商,B轮,2020-04-07 20:47:07,上海,10k-20k,3-5年,全职,本科
6741970,Python后台开发,深圳云天励飞技术有限公司,500-2000人,人工智能,B轮,2020-04-07 20:46:46,深圳,12k-24k,3-5年,全职,本科
3869044,Python技术经理,北京音悦荚科技有限责任公司,50-150人,移动互联网 教育,A轮,2020-04-07 20:46:31,北京,15k-30k,3-5年,全职,本科
6878149,python开发工程师,北京云英传奇技术有限公司,50-150人,移动互联网 数据服务,A轮,2020-04-07 20:46:17,北京,15k-25k,1-3年,全职,本科
6945780,高级python开发工程师,在线途游（北京）科技有限公司,150-500人,移动互联网 游戏,B轮,2020-04-07 20:42:18,北京,20k-40k,3-5年,全职,本科
6778439,Python后台工程师,翼果（深圳）科技有限公司,50-150人,大数据 互联网 移动互联网,不需要融资,2020-04-07 20:41:46,深圳,10k-20k,1-3年,全职,本科
6518563,大数据基础架构工程师（python）,爱笔（北京）智能科技有限公司,150-500人,移动互联网 企业服务,A轮,2020-04-07 20:40:48,北京,17k-34k,3-5年,全职,本科
6933753,Python开发（系统性能工具开发工程师）,易宝软件科技（南京）有限公司,150-500人,移动互联网,上市公司,2020-04-07 21:19:41,杭州,12k-24k,1-3年,全职,本科
6545101,Python高级工程师,深圳市前海房极客网络科技有限公司,150-500人,移动互联网 企业服务,B轮,2020-04-07 20:55:21,深圳,10k-20k,3-5年,全职,本科
4151825,Python爬虫工程师(Selenium方向),上海别样秀数据科技有限公司,150-500人,移动互联网 电商,B轮,2020-04-07 20:47:07,上海,10k-20k,不限,全职,本科
2716101,后台开发工程师（Python / Java）,翼果（深圳）科技有限公司,50-150人,大数据 互联网 移动互联网,不需要融资,2020-04-07 20:41:46,深圳,8k-15k,不限,全职,本科
6862505,Python开发工程师-人脸平台,爱笔（北京）智能科技有限公司,150-500人,移动互联网 企业服务,A轮,2020-04-07 20:40:46,北京,20k-40k,3-5年,全职,本科
5924855,高级python开发工程师,北京国研网信息股份有限公司,150-500人,企业服务 数据服务,上市公司,2020-04-07 20:34:42,北京,22k-27k,3-5年,全职,硕士
6438589,python服务端开发工程师,网易（杭州）网络有限公司,2000人以上,电商,上市公司,2020-04-07 20:32:30,广州,15k-30k,不限,全职,本科
6978623,python开发工程师,便利蜂商贸有限公司,2000人以上,消费生活,不需要融资,2020-04-07 20:32:18,北京,20k-40k,3-5年,全职,本科
6955857,资深python,武汉佰钧成技术有限责任公司,2000人以上,移动互联网,不需要融资,2020-04-07 20:31:40,北京,12k-21k,5-10年,全职,本科
5667224,后台开发（C++/go/PHP/python）,四川伊澳农业科技有限公司,2000人以上,移动互联网 电商,上市公司,2020-04-07 20:29:44,北京,30k-50k,3-5年,全职,本科
6828571,高级Python开发工程师,西安华为技术有限公司,2000人以上,数据服务 硬件,不需要融资,2020-04-07 20:29:04,西安,12k-24k,1-3年,全职,本科
6778769,Python开发工程师-安全方向,北京字节跳动科技有限公司,2000人以上,文娱丨内容,C轮,2020-04-07 20:27:43,北京,20k-40k,1-3年,全职,本科
6197414,python开发工程师,深圳市圆代码互联网有限公司,少于15人,移动互联网,天使轮,2020-04-07 20:27:35,深圳,10k-20k,1-3年,全职,硕士
6889599,资深python开发工程师,圆通速递有限公司,2000人以上,物流丨运输,上市公司,2020-04-07 20:27:33,上海,15k-25k,5-10年,全职,本科
6751924,Python游戏研发,成都西山居互动娱乐科技有限公司珠海分公司,2000人以上,游戏,不需要融资,2020-04-07 20:25:38,北京,15k-30k,3-5年,全职,本科
6954003,python开发,易宝软件科技（南京）有限公司,150-500人,移动互联网,上市公司,2020-04-07 21:19:41,杭州,12k-24k,3-5年,全职,本科
6856721,python开发,上海微创软件股份有限公司,2000人以上,企业服务 移动互联网,不需要融资,2020-04-07 20:20:55,上海,12k-23k,3-5年,全职,本科
6630317,DSQ-Python后端开发工程师,顺丰科技有限公司,2000人以上,软件开发 数据服务,不需要融资,2020-04-07 20:17:56,深圳,18k-35k,3-5年,全职,本科
4775802,Python开发工程师-变现业务,北京字节跳动科技有限公司,2000人以上,文娱丨内容,C轮,2020-04-07 20:17:05,北京,25k-40k,1-3年,全职,本科
5998597,监控系统开发工程师-Python&amp;Go,腾讯科技（深圳）有限公司,2000人以上,社交,上市公司,2020-04-07 20:16:19,深圳,16k-30k,3-5年,全职,本科
6799660,信息流-Python开发工程师,北京搜狗科技发展有限公司,2000人以上,工具,上市公司,2020-04-07 20:15:44,北京,20k-40k,不限,全职,本科
6829947,Python开发工程师,杭州同花顺数据开发有限公司,2000人以上,金融 电商,上市公司,2020-04-07 20:11:39,杭州,2k-4k,应届毕业生,实习,本科
4965452,python高级开发工程师,上海牛咖信息科技有限公司,150-500人,移动互联网 社交,A轮,2020-04-07 20:05:57,上海,25k-50k,3-5年,全职,本科
6961523,python,上海海万信息科技股份有限公司,500-2000人,移动互联网 金融,不需要融资,2020-04-07 20:04:26,上海,13k-18k,5-10年,全职,本科
6969831,资深Python工程师,杭州博彦信息技术有限公司,2000人以上,移动互联网 电商,上市公司,2020-04-07 20:03:48,杭州,20k-25k,5-10年,全职,本科
6508423,后端工程师（Python/Golang）,上海赛舵智能科技有限公司,15-50人,企业服务,天使轮,2020-04-07 20:03:24,上海,20k-40k,3-5年,全职,本科
5991452,python开发（海外游戏）,北京智胜新格科技有限公司,150-500人,移动互联网 游戏,不需要融资,2020-04-07 20:02:25,北京,15k-30k,3-5年,全职,本科
6835354,Python工程师,贝壳找房（北京）科技有限公司,2000人以上,房产家居,D轮及以上,2020-04-07 20:00:06,北京,20k-40k,3-5年,全职,本科
6841646,Python后端开发工程师,第四范式（北京）技术有限公司,500-2000人,企业服务,B轮,2020-04-07 19:59:22,北京,25k-45k,3-5年,全职,本科
5743121,python开发工程师,深圳市普特生物医学工程有限公司,150-500人,医疗丨健康,不需要融资,2020-04-07 19:57:25,深圳,15k-24k,3-5年,全职,本科
6941072,python,易宝软件科技（南京）有限公司,150-500人,移动互联网,上市公司,2020-04-07 20:56:06,杭州,12k-24k,3-5年,全职,本科
5312729,服务器端开发工程师（Python/Go）,北京字节跳动科技有限公司,2000人以上,文娱丨内容,C轮,2020-04-07 20:16:59,北京,30k-45k,3-5年,全职,本科
4835899,数据分析平台开发工程师（Python）,腾讯科技（深圳）有限公司,2000人以上,社交,上市公司,2020-04-07 20:16:17,深圳,20k-40k,3-5年,全职,本科
6096855,Python数据开发工程师,上海牛咖信息科技有限公司,150-500人,移动互联网 社交,A轮,2020-04-07 20:05:57,上海,15k-30k,3-5年,全职,本科
5743121,python开发工程师,深圳市普特生物医学工程有限公司,150-500人,医疗丨健康,不需要融资,2020-04-07 19:57:25,深圳,15k-24k,3-5年,全职,本科
6885224,游戏客户端开发（python）,深圳淘乐网络科技有限公司,150-500人,游戏,不需要融资,2020-04-07 19:55:04,深圳,8k-16k,不限,全职,本科
6851956,python开发工程师,开易（北京）科技有限公司,150-500人,数据服务 其他,B轮,2020-04-07 19:49:56,长沙,8k-12k,1-3年,全职,本科
6968985,后端技术负责人（Python）,深圳十方融海科技有限公司,150-500人,移动互联网 教育,A轮,2020-04-07 19:44:46,深圳,20k-27k,5-10年,全职,本科
6884382,Python开发工程师,广州悦谦科技有限公司,50-150人,移动互联网,不需要融资,2020-04-07 19:44:42,广州,15k-30k,1-3年,全职,本科
6935186,python,广州回头车信息科技有限公司,150-500人,消费生活,A轮,2020-04-07 19:44:05,广州,10k-20k,1-3年,全职,本科
6973863,python开发,广州市梦享网络技术有限公司深圳分公司,150-500人,移动互联网 消费生活,B轮,2020-04-07 19:38:16,深圳,10k-15k,1-3年,全职,本科
6541019,python后端(中级）,上海西井信息科技有限公司,150-500人,数据服务 硬件,B轮,2020-04-07 19:34:22,上海,9k-14k,3-5年,全职,本科
4845301,高级python开发工程师,杭州兑吧网络科技有限公司,500-2000人,移动互联网,上市公司,2020-04-07 19:34:18,杭州,15k-30k,1-3年,全职,本科
5385826,资深 Python 后端开发工程师,力扣信息科技（上海）有限公司,15-50人,移动互联网,未融资,2020-04-07 19:33:37,上海,20k-40k,5-10年,全职,本科
6625369,Python开发工程师,北京艨艟信息技术有限公司,50-150人,游戏 软件开发,不需要融资,2020-04-07 19:32:52,北京,15k-30k,1-3年,全职,本科
6933518,python开发,易宝软件科技（南京）有限公司,150-500人,移动互联网,上市公司,2020-04-07 20:18:32,杭州,10k-20k,不限,全职,本科
5455110,核心客户端开发工程师【Python】,深圳淘乐网络科技有限公司,150-500人,游戏,不需要融资,2020-04-07 19:55:04,深圳,10k-20k,1-3年,全职,本科
5939447,python后台开发（深圳）,腾讯科技（深圳）有限公司,2000人以上,社交,上市公司,2020-04-07 19:50:35,北京,30k-50k,3-5年,全职,本科
6915019,python大数据后台开发,深圳十方融海科技有限公司,150-500人,移动互联网 教育,A轮,2020-04-07 19:44:46,深圳,12k-18k,1-3年,全职,本科
6818007,Python开发工程师,广州悦谦科技有限公司,50-150人,移动互联网,不需要融资,2020-04-07 19:44:42,广州,15k-30k,3-5年,全职,本科
6943562,中高级python开发工程师,广州回头车信息科技有限公司,150-500人,消费生活,A轮,2020-04-07 19:44:05,广州,15k-30k,3-5年,全职,本科
5824614,python后端开发人员（初级）,上海西井信息科技有限公司,150-500人,数据服务 硬件,B轮,2020-04-07 19:34:22,上海,8k-12k,1-3年,全职,本科
5597903,python开发工程师,深信服科技股份有限公司,2000人以上,信息安全 企业服务,不需要融资,2020-04-07 19:31:11,深圳,11k-22k,不限,全职,本科
6901181,后端研发工程师（ Python ）,北京传奇极客管理咨询有限公司,50-150人,移动互联网 文娱丨内容,B轮,2020-04-07 19:29:58,成都,8k-10k,1-3年,全职,本科
5077339,Python助教,北京奥鹏远程教育中心有限公司,50-150人,移动互联网 教育,不需要融资,2020-04-07 19:29:55,北京,6k-12k,1-3年,全职,本科
6905412,Python后端开发工程师,江西点内人工智能科技有限公司,15-50人,其他,A轮,2020-04-07 19:28:45,上海,15k-30k,3-5年,全职,本科
6973280,python开发,深圳市博悦科创科技有限公司,500-2000人,移动互联网,不需要融资,2020-04-07 19:28:17,深圳,13k-15k,3-5年,全职,本科
6972307,Python后端开发工程师,简阳联盟凯睿企业管理有限公司,150-500人,企业服务 人工智能,B轮,2020-04-07 19:28:01,北京,25k-35k,不限,全职,本科
5807795,高级后端开发工程师（C++/GO/Python）,北京旷视科技有限公司,500-2000人,人工智能,D轮及以上,2020-04-07 19:27:31,北京,25k-50k,3-5年,全职,本科
6915133,python后端实习生（可转正）,北京星尘纪元智能科技有限公司,15-50人,数据服务 移动互联网,A轮,2020-04-07 19:26:58,北京,3k-6k,1年以下,全职,本科
6953110,python开发,易宝软件科技（南京）有限公司,150-500人,移动互联网,上市公司,2020-04-07 19:52:30,杭州,11k-16k,1-3年,全职,本科
6815507,IEG-python后台开发工程师,腾讯科技（深圳）有限公司,2000人以上,社交,上市公司,2020-04-07 19:50:23,深圳,25k-50k,3-5年,全职,本科
4164766,Python讲师,北京奥鹏远程教育中心有限公司,50-150人,移动互联网 教育,不需要融资,2020-04-07 19:29:55,北京,10k-20k,1-3年,全职,大专
5664887,python开发工程师,北京棕榈创想科技有限公司,150-500人,移动互联网,A轮,2020-04-07 19:26:53,成都,10k-20k,3-5年,全职,本科
6947717,高级python,达而观信息科技（上海）有限公司,150-500人,人工智能,B轮,2020-04-07 19:25:48,上海,16k-30k,3-5年,全职,本科
6963736,Python实习生,北京自如生活企业管理有限公司,2000人以上,房产家居,A轮,2020-04-07 19:24:30,北京,3k-5k,应届毕业生,实习,本科
6524291,编程猫少儿编程教师（Python方向）,深圳点猫科技有限公司,2000人以上,移动互联网 教育,C轮,2020-04-07 19:24:13,广州,8k-12k,1-3年,全职,本科
6972995,python开发,深圳市博悦科创科技有限公司,500-2000人,移动互联网,不需要融资,2020-04-07 19:21:58,深圳,10k-15k,3-5年,全职,本科
6937598,python后端工程师,上海极链网络科技有限公司,150-500人,数据服务 文娱丨内容,D轮及以上,2020-04-07 19:21:47,上海,20k-40k,3-5年,全职,硕士
5926847,python开发工程师,深圳市微赢世纪网络科技有限公司,15-50人,人工智能 工具,天使轮,2020-04-07 19:21:33,深圳,15k-30k,3-5年,全职,大专
6955317,Python开发工程师-财务报表平台,北京字节跳动科技有限公司,2000人以上,文娱丨内容,C轮,2020-04-07 19:21:29,北京,20k-40k,3-5年,全职,本科
5768526,Python开发实习生,北京搜狐新媒体信息技术有限公司,2000人以上,移动互联网 广告营销,上市公司,2020-04-07 19:20:59,广州,2k-3k,应届毕业生,实习,不限
6421337,python爬虫,上海纳纳科技有限公司,50-150人,企业服务 数据服务,不需要融资,2020-04-07 19:13:35,上海,10k-20k,1-3年,全职,本科
6565931,python开发工程师,北京向上一心科技有限公司,500-2000人,移动互联网 金融,上市公司,2020-04-07 19:12:54,北京,20k-40k,3-5年,全职,本科
6275500,后台研发工程师（go/Python）G00126,成都新希望金融科技有限公司,150-500人,移动互联网 金融,不需要融资,2020-04-07 19:12:12,成都,8k-11k,不限,全职,本科
5262913,python讲师,北京奥鹏远程教育中心有限公司,50-150人,移动互联网 教育,不需要融资,2020-04-07 19:29:36,北京,15k-30k,3-5年,全职,大专
5196910,高级Python开发工程师,达而观信息科技（上海）有限公司,150-500人,人工智能,B轮,2020-04-07 19:25:48,成都,15k-25k,3-5年,全职,本科
5189420,Python培训讲师,深圳点猫科技有限公司,2000人以上,移动互联网 教育,C轮,2020-04-07 19:24:13,北京,8k-15k,3-5年,全职,本科
6066986,Python后端高级开发工程师,上海纳纳科技有限公司,50-150人,企业服务 数据服务,不需要融资,2020-04-07 19:13:34,上海,15k-25k,3-5年,全职,本科
6797210,Python开发工程师,成都新希望金融科技有限公司,150-500人,移动互联网 金融,不需要融资,2020-04-07 19:12:11,成都,15k-30k,3-5年,全职,本科
6689610,Python开发工程师,北京猎户星空科技有限公司,500-2000人,移动互联网 硬件,B轮,2020-04-07 19:11:58,北京,18k-35k,3-5年,全职,本科
6179574,银行业务后台开发工程师-Python,富途网络科技（深圳）有限公司,500-2000人,金融,上市公司,2020-04-07 19:11:26,深圳,14k-28k,1-3年,全职,本科
6851496,Python开发工程师-AI Lab,北京字节跳动科技有限公司,2000人以上,文娱丨内容,C轮,2020-04-07 19:10:15,上海,20k-30k,1-3年,全职,本科
6929363,Python工程师,深度好奇（北京）科技有限公司,15-50人,企业服务 数据服务,天使轮,2020-04-07 19:09:25,北京,12k-24k,不限,全职,本科
6966130,python开发工程师,北京香侬慧语科技有限责任公司,50-150人,企业服务 数据服务,A轮,2020-04-07 19:08:51,北京,10k-15k,1-3年,全职,本科
6887028,Python开发工程师,乐麦信息技术（杭州）有限公司,500-2000人,电商,不需要融资,2020-04-07 19:05:12,杭州,10k-20k,3-5年,全职,本科
6398797,C++/Python/Java研发工程师,百度在线网络技术（北京）有限公司,2000人以上,工具,不需要融资,2020-04-07 19:03:13,北京,25k-50k,1-3年,全职,本科
6979108,高级Python研发工程师,许昌北邮万联网络技术有限公司,50-150人,人工智能 软件开发,A轮,2020-04-07 19:00:54,许昌,15k-30k,5-10年,全职,本科
3223944,Python工程师,深圳市紫川软件有限公司,500-2000人,电商 金融,不需要融资,2020-04-07 19:00:48,深圳,13k-20k,3-5年,全职,本科
6072193,高级python,杭州慧川智能科技有限公司,15-50人,移动互联网,A轮,2020-04-07 19:00:36,杭州,20k-40k,5-10年,全职,大专
5533182,资讯与社区-Python后台开发工程师,富途网络科技（深圳）有限公司,500-2000人,金融,上市公司,2020-04-07 19:11:25,深圳,15k-30k,1-3年,全职,不限
6819285,ACG智慧医疗事业部_Python后端工程师,百度在线网络技术（北京）有限公司,2000人以上,工具,不需要融资,2020-04-07 19:03:12,北京,18k-36k,不限,全职,本科
6889986,高级Python工程师（爬虫）(J10059),广州中康资讯股份有限公司,150-500人,移动互联网 医疗丨健康,不需要融资,2020-04-07 18:59:40,广州,15k-25k,5-10年,全职,本科
6950674,Python开发工程师,北京金山云网络技术有限公司,2000人以上,移动互联网 数据服务,D轮及以上,2020-04-07 18:59:10,北京,20k-40k,3-5年,全职,本科
6902442,python开发,深圳平安综合金融服务有限公司,2000人以上,金融,上市公司,2020-04-07 18:58:52,深圳,20k-40k,5-10年,全职,本科
6578596,PTBU-后端开发工程师（python),广州酷狗计算机科技有限公司,500-2000人,文娱丨内容,上市公司,2020-04-07 18:57:45,广州,15k-30k,3-5年,全职,本科
6972269,Python开发工程师,简阳联盟凯睿企业管理有限公司,150-500人,企业服务 人工智能,B轮,2020-04-07 18:56:21,北京,20k-40k,3-5年,全职,本科
6921063,Java/Python后端,北京吧咔科技有限公司,50-150人,移动互联网,B轮,2020-04-07 18:54:18,北京,10k-20k,应届毕业生,全职,本科
6825595,python高级开发工程师,华世界科技（深圳）有限公司,50-150人,电商,未融资,2020-04-07 18:52:44,深圳,15k-25k,3-5年,全职,本科
6939569,Python 后端项目经理,深圳市乐瀛科技有限公司,15-50人,移动互联网 电商,未融资,2020-04-07 18:51:57,深圳,11k-22k,3-5年,全职,大专
6820334,python数据分析,上海微创软件股份有限公司,2000人以上,企业服务 移动互联网,不需要融资,2020-04-07 18:49:53,上海,15k-22k,3-5年,全职,本科
6086122,Python高级开发工程师,江曲投资咨询（上海）有限公司,150-500人,电商,C轮,2020-04-07 18:46:48,上海,15k-30k,5-10年,全职,本科
5320384,python后端开发工程师,北京墨云科技有限公司,50-150人,信息安全,B轮,2020-04-07 18:46:45,南京,15k-30k,3-5年,全职,本科
6785016,Python开发工程师,北京游道易网络文化有限公司,50-150人,移动互联网 游戏,B轮,2020-04-07 18:45:32,北京,15k-25k,3-5年,全职,本科
6788126,Python工程师,上海淇毓信息科技有限公司,500-2000人,金融,上市公司,2020-04-07 18:45:05,上海,15k-30k,3-5年,全职,本科
6940470,Python初级工程师,华世界科技（深圳）有限公司,50-150人,电商,未融资,2020-04-07 18:52:43,深圳,7k-12k,1年以下,全职,本科
5891196,python后端,深圳市乐瀛科技有限公司,15-50人,移动互联网 电商,未融资,2020-04-07 18:51:57,深圳,10k-14k,1-3年,全职,大专
6086135,python开发工程师,江曲投资咨询（上海）有限公司,150-500人,电商,C轮,2020-04-07 18:46:48,上海,10k-20k,1-3年,全职,本科
6818756,Python爬虫工程师,北京墨云科技有限公司,50-150人,信息安全,B轮,2020-04-07 18:46:44,北京,20k-40k,3-5年,全职,不限
5951154,python爬虫,北京数美时代科技有限公司,150-500人,企业服务 数据服务,C轮,2020-04-07 18:44:43,北京,10k-20k,应届毕业生,全职,本科
6803993,Python开发工程师,深圳市优必选科技股份有限公司,500-2000人,移动互联网 硬件,C轮,2020-04-07 18:44:40,深圳,15k-20k,3-5年,全职,本科
6764554,大数据平台开发工程师（java/python）,北京捷通华声科技股份有限公司,150-500人,移动互联网 数据服务,D轮及以上,2020-04-07 18:43:32,北京,15k-30k,3-5年,全职,本科
6667194,python后端开发工程师,北京首都在线科技股份有限公司,150-500人,移动互联网,上市公司,2020-04-07 18:41:34,北京,15k-25k,3-5年,全职,本科
6937426,python开发工程师,成都宽邦科技有限公司,50-150人,金融 数据服务,不需要融资,2020-04-07 18:41:24,成都,8k-15k,1-3年,全职,本科
6848831,Python开发工程师,翼健（上海）信息科技有限公司,50-150人,医疗丨健康,B轮,2020-04-07 18:40:39,上海,12k-20k,1-3年,全职,本科
6249222,少儿编程讲师-python、scratch、C++,达内时代科技集团有限公司,2000人以上,移动互联网 教育,上市公司,2020-04-07 18:39:53,北京,7k-10k,不限,全职,本科
6961260,Python爬虫工程师,深圳市财盈通科技有限公司,150-500人,移动互联网 电商,不需要融资,2020-04-07 18:38:22,深圳,8k-15k,1-3年,全职,本科
6574816,高级python开发工程师,我查查信息技术（上海）有限公司,150-500人,移动互联网,不需要融资,2020-04-07 18:34:02,上海,25k-35k,5-10年,全职,不限
6807108,Python高级开发工程师,上海答派体育文化发展有限公司,50-150人,移动互联网 游戏,不需要融资,2020-04-07 18:32:23,上海,15k-25k,3-5年,全职,大专
6753798,课程设计（python）实习,深圳点猫科技有限公司,2000人以上,移动互联网 教育,C轮,2020-04-07 18:31:30,深圳,3k-4k,应届毕业生,实习,本科
5951153,python,北京数美时代科技有限公司,150-500人,企业服务 数据服务,C轮,2020-04-07 18:44:42,北京,10k-20k,应届毕业生,全职,本科
3118311,软件测试工程师（C++、java、python）,北京捷通华声科技股份有限公司,150-500人,移动互联网 数据服务,D轮及以上,2020-04-07 18:43:30,北京,15k-25k,1-3年,全职,本科
6254846,Python金牌讲师,达内时代科技集团有限公司,2000人以上,移动互联网 教育,上市公司,2020-04-07 18:39:53,北京,15k-25k,3-5年,全职,本科
6796707,Python开发工程师,深圳市光逸科技创新有限公司,50-150人,电商,不需要融资,2020-04-07 18:29:46,深圳,15k-20k,1-3年,全职,本科
5572773,高级python开发工程师,北京无极慧通科技有限公司,50-150人,医疗丨健康 数据服务,A轮,2020-04-07 18:29:37,北京,10k-15k,1-3年,全职,本科
2268991,Python,心灵失重（北京）科技有限公司,150-500人,移动互联网,A轮,2020-04-07 18:29:30,深圳,15k-30k,3-5年,全职,本科
4977208,Python开发工程师,小叶子（北京）科技有限公司,150-500人,硬件 教育,C轮,2020-04-07 18:29:14,北京,20k-30k,3-5年,全职,本科
6958399,Python研发工程师,南京厚建云计算有限公司广州分公司,50-150人,移动互联网 企业服务,不需要融资,2020-04-07 18:28:04,广州,9k-18k,1-3年,全职,本科
6884629,Python,杭州知衣科技有限公司,50-150人,移动互联网 电商,A轮,2020-04-07 18:27:42,杭州,20k-35k,1-3年,全职,本科
5816066,Python开发实习生,北京下厨房科技有限公司,150-500人,移动互联网,B轮,2020-04-07 18:27:11,北京,6k-7k,应届毕业生,实习,本科
6967668,python开发,深圳市法本信息技术股份有限公司,2000人以上,企业服务 软件开发,上市公司,2020-04-07 18:26:49,深圳,16k-19k,5-10年,全职,本科
6971784,Python后端开发工程师 (MJ006889),北京搜狐新媒体信息技术有限公司,2000人以上,移动互联网 广告营销,上市公司,2020-04-07 18:26:25,北京,15k-30k,3-5年,全职,本科
6791320,软件工程师（Python/PHP/Java）,智线云科技（北京）有限公司,50-150人,移动互联网 数据服务,A轮,2020-04-07 18:26:18,北京,11k-20k,1-3年,全职,本科
6540902,全栈开发工程师（Python方向）,北京旷视科技有限公司,500-2000人,人工智能,D轮及以上,2020-04-07 18:26:05,北京,20k-40k,3-5年,全职,本科
1892699,Python（极验验证）,武汉极意网络科技有限公司,50-150人,信息安全 数据服务,B轮,2020-04-07 18:20:52,武汉,9k-18k,3-5年,全职,不限
6797001,Python爬虫开发工程师,深圳市光逸科技创新有限公司,50-150人,电商,不需要融资,2020-04-07 18:29:45,深圳,18k-23k,3-5年,全职,本科
6660758,Python开发,南京厚建云计算有限公司广州分公司,50-150人,移动互联网 企业服务,不需要融资,2020-04-07 18:28:04,广州,10k-20k,3-5年,全职,本科
6958844,python爬虫,杭州知衣科技有限公司,50-150人,移动互联网 电商,A轮,2020-04-07 18:27:41,杭州,15k-23k,3-5年,全职,本科
4526972,Python开发工程师,北京下厨房科技有限公司,150-500人,移动互联网,B轮,2020-04-07 18:27:10,北京,10k-20k,不限,全职,本科
6791340,高级Python开发工程师/爬虫/spider,智线云科技（北京）有限公司,50-150人,移动互联网 数据服务,A轮,2020-04-07 18:26:17,北京,15k-25k,3-5年,全职,本科
6945275,Python开发,深圳市法本信息技术股份有限公司,2000人以上,企业服务 软件开发,上市公司,2020-04-07 18:25:26,深圳,7k-10k,1-3年,全职,本科
6326819,PYTHON开发工程师BJ,上海茗日智能科技有限公司,15-50人,企业服务,A轮,2020-04-07 18:20:43,北京,12k-23k,1-3年,全职,本科
5808068,高级Python研发工程师,北京逍遥志科技有限公司,15-50人,移动互联网 金融,A轮,2020-04-07 18:16:22,北京,25k-50k,5-10年,全职,本科
6937657,高级Python工程师,北京乐信圣文科技有限责任公司,150-500人,移动互联网,不需要融资,2020-04-07 18:15:25,北京,20k-30k,3-5年,全职,本科
6360415,python后端开发工程师,成都萌想科技有限责任公司,150-500人,企业服务,B轮,2020-04-07 18:13:19,成都,10k-18k,3-5年,全职,本科
5829565,OpenStack工程师(Python),创世云（厦门）信息科技有限公司,50-150人,移动互联网 企业服务,未融资,2020-04-07 18:12:13,厦门,15k-30k,3-5年,全职,本科
6847043,python,浙江数秦科技有限公司,150-500人,移动互联网 信息安全,A轮,2020-04-07 18:10:37,杭州,17k-30k,5-10年,全职,本科
6593274,python工程师,一点网聚科技有限公司,500-2000人,文娱丨内容,D轮及以上,2020-04-07 18:08:08,北京,15k-30k,应届毕业生,全职,本科
6961289,python开发工程师,成都无糖信息技术有限公司,50-150人,信息安全 数据服务,A轮,2020-04-07 18:07:25,成都,9k-14k,1-3年,全职,本科
4572265,Python开发工程师,智言科技(深圳)有限公司,50-150人,数据服务 其他,B轮,2020-04-07 18:06:31,深圳,10k-20k,3-5年,全职,本科
6326934,PYTHON开发工程师 SH,上海茗日智能科技有限公司,15-50人,企业服务,A轮,2020-04-07 18:20:43,上海,15k-30k,1-3年,全职,本科
5817144,Python研发工程师,北京逍遥志科技有限公司,15-50人,移动互联网 金融,A轮,2020-04-07 18:16:21,北京,15k-25k,3-5年,全职,本科
6908212,Python工程师（BI）,北京乐信圣文科技有限责任公司,150-500人,移动互联网,不需要融资,2020-04-07 18:15:25,北京,15k-30k,1-3年,全职,本科
6789626,高级python开发工程师,成都萌想科技有限责任公司,150-500人,企业服务,B轮,2020-04-07 18:13:18,成都,15k-25k,5-10年,全职,本科
6700862,python工程师,一点网聚科技有限公司,500-2000人,文娱丨内容,D轮及以上,2020-04-07 18:08:03,北京,15k-25k,应届毕业生,全职,硕士
5714091,Python开发工程师,成都无糖信息技术有限公司,50-150人,信息安全 数据服务,A轮,2020-04-07 18:07:06,成都,7k-12k,3-5年,全职,不限
6224979,Python工程师(大数据方向）,北京字节跳动科技有限公司,2000人以上,文娱丨内容,C轮,2020-04-07 18:06:24,上海,25k-40k,3-5年,全职,本科
3547198,Android研发(往python后端培养),武汉小果科技有限公司,50-150人,移动互联网 企业服务,天使轮,2020-04-07 18:06:22,武汉,8k-14k,不限,全职,本科
6527802,python开发,时趣互动（北京）科技有限公司,500-2000人,移动互联网,D轮及以上,2020-04-07 18:05:34,北京,10k-20k,3-5年,全职,不限
6936145,python,易宝软件科技（南京）有限公司,150-500人,移动互联网,上市公司,2020-04-07 18:04:45,杭州,13k-25k,3-5年,全职,本科
4147727,Python开发工程师,行云智能（深圳）技术有限公司,15-50人,移动互联网 硬件,天使轮,2020-04-07 18:03:52,深圳,10k-20k,1-3年,全职,本科
6836674,Python开发工程师,普元信息技术股份有限公司,500-2000人,企业服务 数据服务,不需要融资,2020-04-07 18:02:50,上海,12k-18k,3-5年,全职,本科
6656807,Python开发工程师,上海灏程信息科技有限公司,15-50人,体育 软件开发,不需要融资,2020-04-07 18:00:56,上海,15k-30k,5-10年,全职,大专
5523086,Python 工程师（产品研发）,深圳市一面网络技术有限公司,50-150人,移动互联网 数据服务,A轮,2020-04-07 18:00:42,深圳,10k-20k,1-3年,全职,本科
3488677,Python后台开发工程师,深圳小步网络科技有限公司,150-500人,移动互联网,B轮,2020-04-07 18:00:42,深圳,15k-30k,3-5年,全职,本科
4768763,Python开发工程师,武汉小果科技有限公司,50-150人,移动互联网 企业服务,天使轮,2020-04-07 18:06:22,武汉,9k-15k,1-3年,全职,本科
6942796,python自动化测试,易宝软件科技（南京）有限公司,150-500人,移动互联网,上市公司,2020-04-07 18:04:44,杭州,12k-22k,3-5年,全职,本科
5523050,Python 工程师（数据平台方向）,深圳市一面网络技术有限公司,50-150人,移动互联网 数据服务,A轮,2020-04-07 18:00:42,深圳,10k-20k,1-3年,全职,本科
6750990,Python后端工程师,上海海钻网络科技有限公司,少于15人,金融,天使轮,2020-04-07 18:00:37,上海,20k-35k,3-5年,全职,本科
6164923,python开发工程师,北京缔联科技有限公司,50-150人,企业服务,B轮,2020-04-07 18:00:24,北京,15k-20k,3-5年,全职,本科
6709836,Python开发工程师,河南八六三软件股份有限公司,500-2000人,移动互联网,未融资,2020-04-07 17:59:05,上海,8k-12k,3-5年,全职,大专
6098993,Python开发工程师,北京字节跳动科技有限公司,2000人以上,文娱丨内容,C轮,2020-04-07 17:58:53,上海,25k-40k,3-5年,全职,本科
6785833,python开发工程师,深圳道乐科技有限公司,150-500人,移动互联网 金融,未融资,2020-04-07 17:58:14,广州,7k-10k,1-3年,全职,本科
6841353,后端工程师（Python）,北京闪银奇异科技有限公司,500-2000人,移动互联网 金融,D轮及以上,2020-04-07 17:57:35,北京,15k-30k,3-5年,全职,本科
6818159,python开发工程师(J10421),上海驻云信息科技有限公司,150-500人,移动互联网 企业服务,C轮,2020-04-07 17:57:13,上海,12k-18k,3-5年,全职,本科
6278125,Python实习,深圳市有鱼智能科技有限公司,150-500人,移动互联网 金融,上市公司,2020-04-07 17:56:51,北京,4k-7k,应届毕业生,实习,硕士
6844607,python开发工程师,腾讯科技（深圳）有限公司,2000人以上,社交,上市公司,2020-04-07 17:54:49,深圳,20k-40k,3-5年,全职,本科
6958592,Python 开发工程师,深圳永安在线科技有限公司,50-150人,信息安全,A轮,2020-04-07 17:54:37,深圳,10k-18k,1-3年,全职,本科
6987917,python爬虫工程师,深圳脸谱电子商务有限公司,15-50人,移动互联网 广告营销,未融资,2020-04-07 17:54:11,深圳,15k-25k,3-5年,全职,不限
6445868,python开发工程师,上海微创软件股份有限公司,2000人以上,企业服务 移动互联网,不需要融资,2020-04-07 17:54:01,北京,12k-14k,1-3年,全职,本科
6435258,python开发,北京缔联科技有限公司,50-150人,企业服务,B轮,2020-04-07 18:00:23,北京,15k-20k,3-5年,全职,本科
6792069,Python开发工程师,北京闪银奇异科技有限公司,500-2000人,移动互联网 金融,D轮及以上,2020-04-07 17:57:35,北京,20k-35k,3-5年,全职,本科
6054434,资深Python研发工程师-广告系统,北京字节跳动科技有限公司,2000人以上,文娱丨内容,C轮,2020-04-07 17:57:02,上海,20k-35k,3-5年,全职,本科
6827518,Python后端开发工程师,深圳市有鱼智能科技有限公司,150-500人,移动互联网 金融,上市公司,2020-04-07 17:56:50,北京,15k-25k,1-3年,全职,本科
6409609,python高级开发工程师,腾讯科技（深圳）有限公司,2000人以上,社交,上市公司,2020-04-07 17:54:45,深圳,25k-50k,5-10年,全职,本科
1044917,Python高级开发工程师,上海易路软件有限公司,150-500人,移动互联网 企业服务,C轮,2020-04-07 17:53:35,上海,18k-28k,3-5年,全职,本科
6773731,Python开发（西城区）,广州德惟科技有限公司,150-500人,金融 移动互联网,不需要融资,2020-04-07 17:52:26,北京,9k-16k,1-3年,全职,大专
6910167,高级Python开发工程师 (MJ000398),北京墨迹风云科技股份有限公司,150-500人,工具,不需要融资,2020-04-07 17:51:09,北京,25k-35k,3-5年,全职,本科
6657015,Python/PHP后端程序员,上海萌果信息科技有限公司,50-150人,移动互联网 游戏,未融资,2020-04-07 17:50:56,上海,10k-15k,1年以下,全职,本科
6902634,python工程师,成都链安科技有限公司,50-150人,移动互联网 信息安全,A轮,2020-04-07 17:50:50,成都,15k-30k,3-5年,全职,本科
6876841,python后端,杭州博彦信息技术有限公司,2000人以上,移动互联网 电商,上市公司,2020-04-07 17:50:17,杭州,11k-17k,3-5年,全职,不限
4708616,python开发工程师,颐月信息技术（北京）有限公司,50-150人,金融 数据服务,A轮,2020-04-07 17:50:07,北京,20k-30k,3-5年,全职,本科
6617605,资深数据中台研发工程师(Python方向),杭州大搜车汽车服务有限公司,2000人以上,汽车丨出行,D轮及以上,2020-04-07 17:49:58,杭州,15k-25k,3-5年,全职,本科
6743777,Python 开发工程师,上海骞云信息科技有限公司,50-150人,企业服务 数据服务,B轮,2020-04-07 17:48:54,上海,10k-18k,1-3年,全职,本科
6643067,Python高级（SG0303）,长沙蜜獾信息科技有限公司,150-500人,移动互联网,不需要融资,2020-04-07 17:48:17,长沙,10k-15k,3-5年,全职,本科
4874171,Python中级开发工程师,上海易路软件有限公司,150-500人,移动互联网 企业服务,C轮,2020-04-07 17:53:35,上海,12k-18k,1-3年,全职,本科
4106284,Python研发工程师（数据平台）,杭州大搜车汽车服务有限公司,2000人以上,汽车丨出行,D轮及以上,2020-04-07 17:49:39,杭州,9k-15k,1-3年,全职,本科
6803550,高级Python开发工程师,上海骞云信息科技有限公司,50-150人,企业服务 数据服务,B轮,2020-04-07 17:48:52,上海,15k-30k,3-5年,全职,本科
5961800,Python架构师(SG0304),长沙蜜獾信息科技有限公司,150-500人,移动互联网,不需要融资,2020-04-07 17:48:15,长沙,15k-25k,5-10年,全职,本科
6907997,python后端,九章算法（杭州）科技有限公司,15-50人,移动互联网 教育,A轮,2020-04-07 17:47:08,杭州,10k-15k,1-3年,全职,本科
6680223,中级python开发,互道信息技术（上海）有限公司,50-150人,移动互联网 电商,B轮,2020-04-07 17:46:31,上海,15k-25k,3-5年,全职,本科
6936396,Python工程师,易宝软件科技（南京）有限公司,150-500人,移动互联网,上市公司,2020-04-07 17:46:20,杭州,10k-15k,3-5年,全职,本科
6882448,Python开发工程师（爬虫）,深圳市和讯华谷信息技术有限公司,500-2000人,企业服务,上市公司,2020-04-07 17:45:29,深圳,12k-20k,3-5年,全职,本科
6707116,python开发,北京博乐科技有限公司,150-500人,移动互联网,不需要融资,2020-04-07 17:45:28,北京,15k-30k,不限,全职,本科
6352170,python开发工程师,北京极睿科技有限责任公司,15-50人,移动互联网 数据服务,A轮,2020-04-07 17:45:08,北京,20k-40k,3-5年,全职,本科
2748374,Python后端工程师,云势天下（北京）软件有限公司,150-500人,企业服务,B轮,2020-04-07 17:44:58,北京,18k-25k,3-5年,全职,本科
6989332,python课程研究员,北京传智播客教育科技有限公司,500-2000人,教育,C轮,2020-04-07 17:43:39,北京,30k-50k,5-10年,全职,本科
6946604,Python开发工程师（兼职）,广州微宽信息技术有限公司,15-50人,移动互联网 金融,不需要融资,2020-04-07 17:43:36,广州,2k-3k,应届毕业生,兼职,本科
6013118,Python开发工程师,上海微创软件股份有限公司,2000人以上,企业服务 移动互联网,不需要融资,2020-04-07 17:40:37,北京,10k-15k,1-3年,全职,本科
6744272,python开发工程师,深圳市铱硙医疗科技有限公司,15-50人,医疗丨健康 数据服务,A轮,2020-04-07 17:40:06,深圳,10k-15k,1-3年,全职,本科
6682863,中级python开发,互道信息技术（上海）有限公司,50-150人,移动互联网 电商,B轮,2020-04-07 17:46:31,上海,15k-25k,3-5年,全职,大专
6907843,python开发,易宝软件科技（南京）有限公司,150-500人,移动互联网,上市公司,2020-04-07 17:46:20,东莞,6k-12k,1-3年,全职,本科
6840501,Python开发工程师,云势天下（北京）软件有限公司,150-500人,企业服务,B轮,2020-04-07 17:44:55,大连,10k-15k,3-5年,全职,大专
6789857,Python工程师,广州微宽信息技术有限公司,15-50人,移动互联网 金融,不需要融资,2020-04-07 17:43:36,广州,10k-15k,1-3年,全职,大专
6972671,python web 课程研究员,北京传智播客教育科技有限公司,500-2000人,教育,C轮,2020-04-07 17:42:33,北京,25k-50k,5-10年,全职,本科
6814780,高级python研发工程师,北京云杉智达科技有限公司,15-50人,移动互联网 企业服务,不需要融资,2020-04-07 17:39:01,北京,20k-35k,3-5年,全职,本科
6959123,Python开发工程师 (MJ000092),北京厨芯科技有限公司,150-500人,移动互联网 消费生活,A轮,2020-04-07 17:38:29,北京,14k-28k,不限,全职,本科
6497997,python开发,上海走走信息科技有限公司,15-50人,电商 消费生活,不需要融资,2020-04-07 17:36:32,上海,20k-40k,3-5年,全职,本科
6950328,python开发工程师(J10432),上海驻云信息科技有限公司,150-500人,移动互联网 企业服务,C轮,2020-04-07 17:36:08,上海,12k-16k,1-3年,全职,本科
6715741,Python数据工程师,深圳虾皮信息科技有限公司,2000人以上,电商,上市公司,2020-04-07 17:36:07,深圳,10k-20k,不限,全职,不限
2228202,python后台开发工程师,深圳市观麦网络科技有限公司,150-500人,电商 消费生活,A轮,2020-04-07 17:35:16,深圳,10k-18k,1-3年,全职,本科
6874419,数据开发专家（python）,上海上湖信息技术有限公司,2000人以上,金融,上市公司,2020-04-07 17:34:56,上海,20k-35k,5-10年,全职,本科
6767286,python开发工程师,杭州飞享数据技术有限公司,15-50人,移动互联网 数据服务,A轮,2020-04-07 17:34:18,杭州,13k-26k,3-5年,全职,本科
6727428,Python工程师,杭州览众数据科技有限公司,150-500人,人工智能 数据服务,B轮,2020-04-07 17:33:59,杭州,20k-35k,3-5年,全职,本科
6928793,Python,特赞（上海）信息科技有限公司,150-500人,移动互联网,B轮,2020-04-07 17:33:47,上海,20k-35k,3-5年,全职,本科
6537405,python开发工程师,云势天下（北京）软件有限公司,150-500人,企业服务,B轮,2020-04-07 17:44:55,北京,18k-25k,3-5年,全职,本科
5379934,技术总监（Python）,北京云杉智达科技有限公司,15-50人,移动互联网 企业服务,不需要融资,2020-04-07 17:39:00,北京,20k-40k,3-5年,全职,本科
6966166,数据开发专家Python/go,上海上湖信息技术有限公司,2000人以上,金融,上市公司,2020-04-07 17:34:56,上海,20k-40k,5-10年,全职,本科
5941834,Python开发工程师,特赞（上海）信息科技有限公司,150-500人,移动互联网,B轮,2020-04-07 17:33:45,上海,20k-30k,3-5年,全职,本科
5393604,资深Python研发工程师,北京字节跳动科技有限公司,2000人以上,文娱丨内容,C轮,2020-04-07 17:31:36,南京,25k-40k,3-5年,全职,本科
6948005,Python后端研发工程师,杭州艾耕科技有限公司,150-500人,移动互联网 数据服务,A轮,2020-04-07 17:31:32,杭州,15k-30k,3-5年,全职,本科
6079429,python开发工程师,深圳呗佬科技有限公司,15-50人,企业服务 人工智能,A轮,2020-04-07 17:30:34,深圳,20k-40k,3-5年,全职,本科
6929781,python,深圳市云间网络科技有限公司,50-150人,移动互联网 企业服务,不需要融资,2020-04-07 17:27:35,杭州,10k-13k,3-5年,全职,大专
6910729,python,深圳市橡树黑卡网络科技有限公司,500-2000人,消费生活,未融资,2020-04-07 17:27:07,深圳,13k-25k,3-5年,全职,本科
6853418,python后端工程师(J10588),有米科技股份有限公司,150-500人,广告营销,上市公司,2020-04-07 17:25:44,广州,10k-15k,1-3年,全职,本科
6979028,Python后端研发工程师,微梦创科网络科技（中国）有限公司,2000人以上,文娱丨内容,上市公司,2020-04-07 17:25:16,北京,20k-40k,1-3年,全职,不限
6625968,python开发（SS）,浙江网新恒天软件有限公司,2000人以上,软件开发,不需要融资,2020-04-07 17:24:07,杭州,9k-15k,1-3年,全职,本科
5726786,python后端,多抓鱼（北京）科技有限公司,15-50人,移动互联网,B轮,2020-04-07 17:23:07,北京,20k-35k,5-10年,全职,本科
6372641,Python 后台开发工程师,上海媒智科技有限公司,15-50人,移动互联网,不需要融资,2020-04-07 17:20:02,上海,15k-25k,3-5年,全职,本科
6830009,Python开发工程师,北京市商汤科技开发有限公司,2000人以上,人工智能,C轮,2020-04-07 17:19:49,上海,20k-35k,3-5年,全职,本科
4711299,Python开发工程师,杭州艾耕科技有限公司,150-500人,移动互联网 数据服务,A轮,2020-04-07 17:25:35,杭州,10k-20k,1-3年,全职,本科
4955947,高级Python开发工程师--抖音上海,北京字节跳动科技有限公司,2000人以上,文娱丨内容,C轮,2020-04-07 17:20:38,上海,25k-50k,3-5年,全职,本科
6809497,高级python开发工程师,达而观信息科技（上海）有限公司,150-500人,人工智能,B轮,2020-04-07 17:19:19,上海,18k-25k,3-5年,全职,本科
6798160,Python后台开发工程师(J10561),岩心科技（深圳）有限公司,500-2000人,移动互联网 金融,D轮及以上,2020-04-07 17:17:45,深圳,15k-30k,3-5年,全职,本科
6904976,风控策略分析师-SH（python）,墨智科技（深圳）有限公司,15-50人,移动互联网 数据服务,A轮,2020-04-07 17:17:08,上海,10k-20k,1-3年,全职,不限
6924735,python后端开发（20届应届毕业生）,杭州青塔科技有限公司,50-150人,移动互联网 数据服务,A轮,2020-04-07 17:16:21,杭州,8k-9k,应届毕业生,全职,本科
6164568,python开发高级工程师,上海吸引子信息科技有限公司,15-50人,金融,不需要融资,2020-04-07 17:14:13,杭州,15k-25k,3-5年,全职,不限
3804005,Python 后端开发（北京）,上海倾听信息技术有限公司,150-500人,移动互联网,D轮及以上,2020-04-07 17:13:18,北京,18k-36k,1-3年,全职,本科
5024699,python后台开发工程师,深圳市悦动天下科技有限公司,150-500人,移动互联网 社交,C轮,2020-04-07 17:10:23,深圳,15k-25k,3-5年,全职,本科
6950221,深圳Python开发,深圳市云间网络科技有限公司,50-150人,移动互联网 企业服务,不需要融资,2020-04-07 17:09:20,深圳,8k-10k,1-3年,全职,本科
6728237,Python开发工程师 (MJ000734),浙江企朋网络技术股份有限公司,150-500人,移动互联网 电商,不需要融资,2020-04-07 17:09:05,成都,12k-20k,3-5年,全职,本科
6737842,高级python后端工程师（AI平台）,上海非夕机器人科技有限公司,150-500人,硬件 移动互联网,A轮,2020-04-07 17:07:39,上海,20k-30k,3-5年,全职,本科
4114706,Python开发实习生,上海数旦信息技术有限公司,15-50人,移动互联网 金融,A轮,2020-04-07 17:06:56,上海,5k-6k,应届毕业生,实习,本科
6851572,Python数据研发工程师,翼健（上海）信息科技有限公司,50-150人,医疗丨健康,B轮,2020-04-07 17:05:29,上海,12k-20k,3-5年,全职,本科
6748154,机器学习研发工程师（Python）,广州南天电脑系统有限公司,500-2000人,数据服务,上市公司,2020-04-07 17:03:42,广州,10k-18k,1-3年,全职,本科
5473956,python后端实习,杭州艾耕科技有限公司,150-500人,移动互联网 数据服务,A轮,2020-04-07 17:25:34,杭州,4k-6k,应届毕业生,实习,本科
6904999,风控策略分析师（SZ）-Python,墨智科技（深圳）有限公司,15-50人,移动互联网 数据服务,A轮,2020-04-07 17:17:08,深圳,10k-20k,1-3年,全职,本科
5920754,高级python工程师,北京字节跳动科技有限公司,2000人以上,文娱丨内容,C轮,2020-04-07 17:10:56,北京,30k-60k,3-5年,全职,本科
6960880,python,深圳市云间网络科技有限公司,50-150人,移动互联网 企业服务,不需要融资,2020-04-07 17:09:20,杭州,8k-13k,1-3年,全职,大专
6922271,运维开发工程师（java/Python）,广州南天电脑系统有限公司,500-2000人,数据服务,上市公司,2020-04-07 17:03:41,福州,6k-12k,1-3年,全职,本科
6949871,PHP/Python平台开发工程师,新浪网技术（中国）有限公司,2000人以上,文娱丨内容,上市公司,2020-04-07 17:03:32,北京,15k-30k,不限,全职,本科
4088383,Python开发工程师,上海宏路数据技术股份有限公司,150-500人,移动互联网,上市公司,2020-04-07 17:03:31,上海,7k-14k,不限,全职,不限
6154288,python视频后台工程师,北京影谱科技股份有限公司,50-150人,文娱丨内容 广告营销,上市公司,2020-04-07 17:02:46,北京,20k-30k,3-5年,全职,本科
6231316,高级Python研发工程师,北京升鑫网络科技有限公司,150-500人,数据服务,B轮,2020-04-07 17:02:42,北京,25k-45k,3-5年,全职,本科
6430112,Python开发工程师实习生,上海脉策数据科技有限公司,50-150人,数据服务 企业服务,A轮,2020-04-07 17:01:52,上海,3k-6k,应届毕业生,实习,本科
5743929,Python Web全栈研发实习生,深圳码隆科技有限公司,50-150人,移动互联网,B轮,2020-04-07 17:01:45,北京,4k-5k,应届毕业生,全职,本科
6727278,python开发工程师,网易（杭州）网络有限公司,2000人以上,电商,上市公司,2020-04-07 17:00:36,广州,15k-30k,不限,全职,本科
6038726,python,上海华钦信息科技股份有限公司,500-2000人,数据服务 金融,未融资,2020-04-07 17:00:14,上海,16k-25k,3-5年,全职,本科
4639065,Python开发工程师,江苏润和软件股份有限公司,2000人以上,移动互联网,上市公司,2020-04-07 16:59:31,西安,8k-15k,1-3年,全职,本科
6950437,python开发工程师,天聚地合（苏州）数据股份有限公司,50-150人,数据服务,C轮,2020-04-07 16:59:03,苏州,10k-20k,3-5年,全职,本科
4254613,Python开发实习生-短视频方向,北京字节跳动科技有限公司,2000人以上,文娱丨内容,C轮,2020-04-07 17:08:05,上海,4k-8k,不限,实习,本科
5874290,python开发工程师,北京影谱科技股份有限公司,50-150人,文娱丨内容 广告营销,上市公司,2020-04-07 17:02:46,北京,15k-30k,3-5年,全职,本科
6279719,python开发工程师,上海脉策数据科技有限公司,50-150人,数据服务 企业服务,A轮,2020-04-07 17:01:52,上海,14k-18k,1-3年,全职,本科
6771564,Python开发工程师,陕西尚品信息科技有限公司,15-50人,其他 移动互联网,A轮,2020-04-07 16:56:26,西安,8k-10k,1-3年,全职,本科
6711737,客户端开发工程师（C++/Python）,广州智品移动技术有限公司,50-150人,移动互联网 电商,A轮,2020-04-07 16:54:34,广州,18k-25k,不限,全职,本科
6829280,python工程师,厦门众库科技有限公司,150-500人,数据服务 消费生活,未融资,2020-04-07 16:54:21,厦门,7k-12k,不限,全职,本科
6800450,Python开发工程师,上海斯干网络科技有限公司,150-500人,移动互联网 文娱丨内容,B轮,2020-04-07 16:51:14,上海,20k-40k,5-10年,全职,本科
6394378,Python爬虫工程师,深圳市菲凡数据科技有限公司,15-50人,电商 数据服务,不需要融资,2020-04-07 16:48:46,深圳,10k-20k,1-3年,全职,大专
6687181,Python开发实习生,深圳佑驾创新科技有限公司,150-500人,硬件 其他,A轮,2020-04-07 16:48:00,深圳,6k-10k,应届毕业生,全职,本科
4335142,Python开发工程师,圆通速递有限公司,2000人以上,物流丨运输,上市公司,2020-04-07 16:46:18,杭州,15k-30k,3-5年,全职,本科
6710783,python爬虫,杭州易搜车信息技术有限公司,15-50人,移动互联网,A轮,2020-04-07 16:44:41,杭州,15k-20k,1-3年,全职,大专
6822406,Python开发工程师,上海微创软件股份有限公司,2000人以上,企业服务 移动互联网,不需要融资,2020-04-07 16:44:04,上海,16k-28k,3-5年,全职,本科
6956543,软件工程师(Python),梅卡曼德（北京）机器人科技有限公司,150-500人,企业服务 硬件,B轮,2020-04-07 16:43:53,北京,20k-25k,1-3年,全职,本科
6267387,Python 后台开发工程师,上海媒智科技有限公司,15-50人,移动互联网,不需要融资,2020-04-07 16:43:05,上海,15k-25k,3-5年,全职,本科
2542788,Python,成都捷云智慧科技有限公司,15-50人,移动互联网,不需要融资,2020-04-07 16:42:14,成都,8k-12k,1-3年,全职,本科
5920752,python开发工程师,北京字节跳动科技有限公司,2000人以上,文娱丨内容,C轮,2020-04-07 17:06:45,北京,20k-35k,1-3年,全职,本科
6318880,高级python爬虫工程师,深圳市菲凡数据科技有限公司,15-50人,电商 数据服务,不需要融资,2020-04-07 16:48:46,深圳,15k-25k,3-5年,全职,本科
6884621,Python工程师,深圳佑驾创新科技有限公司,150-500人,硬件 其他,A轮,2020-04-07 16:47:59,深圳,15k-30k,1-3年,全职,大专
6972574,Python开发工程师,中国通信服务香港有限公司,50-150人,移动互联网,不需要融资,2020-04-07 16:42:01,北京,10k-20k,3-5年,全职,本科
6842642,Python高级开发工程师,上海答派体育文化发展有限公司,50-150人,移动互联网 游戏,不需要融资,2020-04-07 16:41:35,上海,16k-25k,3-5年,全职,本科
6922468,Python开发工程师,深圳平安综合金融服务有限公司,2000人以上,金融,上市公司,2020-04-07 16:31:44,上海,15k-30k,3-5年,全职,本科
6484575,python工程师（偏NLP方向）,杭州涂鸦信息技术有限公司,500-2000人,移动互联网 硬件,C轮,2020-04-07 16:29:37,杭州,15k-30k,3-5年,全职,本科
6287886,Python 服务端研发工程师,上海晨芽教育科技有限公司,50-150人,教育,天使轮,2020-04-07 16:29:34,上海,15k-25k,3-5年,全职,本科
6124622,Sr Python Engineer,励德爱思唯尔信息技术（北京）有限公司,500-2000人,不限,上市公司,2020-04-07 16:29:32,上海,20k-40k,5-10年,全职,本科
5973013,高级后端研发工程师(node/python),深圳市中联创新自控系统有限公司,150-500人,移动互联网,未融资,2020-04-07 16:27:35,深圳,18k-30k,3-5年,全职,本科
6072230,python开发工程师,北京势在必行网络科技有限公司,50-150人,移动互联网,不需要融资,2020-04-07 16:26:28,北京,25k-50k,5-10年,全职,本科
6872832,Python高级开发,北京宝兰德软件股份有限公司,150-500人,企业服务,上市公司,2020-04-07 16:25:10,长沙,15k-30k,5-10年,全职,大专
6905919,python开发（懂点安全）,北京金山办公软件股份有限公司,2000人以上,移动互联网,上市公司,2020-04-07 16:25:05,珠海,15k-25k,3-5年,全职,大专
6961757,python开发,申朴信息技术（上海）股份有限公司,150-500人,金融,未融资,2020-04-07 16:24:41,上海,17k-21k,5-10年,全职,本科
6988655,高级Python开发工程师,北京源堡科技有限公司,500-2000人,硬件,未融资,2020-04-07 16:22:12,北京,15k-30k,3-5年,全职,本科
6327021,Python开发工程师,杭州涂鸦信息技术有限公司,500-2000人,移动互联网 硬件,C轮,2020-04-07 16:29:36,杭州,20k-30k,3-5年,全职,本科
6824031,Senior Python,励德爱思唯尔信息技术（北京）有限公司,500-2000人,不限,上市公司,2020-04-07 16:29:32,上海,20k-30k,5-10年,全职,本科
6973919,python实习,北京势在必行网络科技有限公司,50-150人,移动互联网,不需要融资,2020-04-07 16:26:28,北京,6k-12k,应届毕业生,全职,不限
6938834,python后端,北京宝兰德软件股份有限公司,150-500人,企业服务,上市公司,2020-04-07 16:25:09,西安,15k-25k,3-5年,全职,本科
6881849,Python开发工程师,北京达佳互联信息技术有限公司,2000人以上,文娱丨内容,D轮及以上,2020-04-07 16:22:12,北京,20k-25k,不限,全职,本科
6010116,python开发工程师（后端开发）,北京聚道科技有限公司,15-50人,医疗丨健康 数据服务,B轮,2020-04-07 16:19:00,北京,15k-30k,1-3年,全职,本科
4992755,Python开发,上海海万信息科技股份有限公司,500-2000人,移动互联网 金融,不需要融资,2020-04-07 16:15:52,上海,14k-20k,3-5年,全职,本科
6885708,Python研发工程师,北京融联世纪信息技术有限公司,500-2000人,金融,未融资,2020-04-07 16:15:49,北京,23k-27k,3-5年,全职,本科
6871652,python高级开发,上海思贤信息技术股份有限公司,50-150人,移动互联网 数据服务,未融资,2020-04-07 16:15:47,上海,15k-30k,3-5年,全职,本科
6917432,python,北京智蓝云信科技有限公司,150-500人,企业服务 数据服务,不需要融资,2020-04-07 16:13:31,北京,12k-20k,5-10年,全职,本科
6910440,Python讲师（Python Web方向）,北京传智播客教育科技有限公司,500-2000人,教育,C轮,2020-04-07 16:10:59,北京,30k-50k,5-10年,全职,本科
5093267,Python后端开发工程师,恒羿网络科技（上海）有限公司,15-50人,移动互联网 医疗丨健康,B轮,2020-04-07 16:10:53,上海,20k-25k,1-3年,全职,本科
6945895,Python工程师,厦门众库科技有限公司,150-500人,数据服务 消费生活,未融资,2020-04-07 16:09:56,厦门,7k-12k,1-3年,全职,本科
2881943,python开发,杭州盈丰软件股份有限公司,150-500人,移动互联网 金融,上市公司,2020-04-07 16:09:30,杭州,6k-10k,1-3年,全职,本科
6434609,Python/Golang开发工程师,北京微光果壳科技有限公司,150-500人,移动互联网 企业服务,不需要融资,2020-04-07 16:08:21,北京,25k-40k,3-5年,全职,本科
6411729,高级后端开发工程师（Python或Java）,北京聚道科技有限公司,15-50人,医疗丨健康 数据服务,B轮,2020-04-07 16:19:00,北京,20k-40k,3-5年,全职,本科
6885717,测试开发工程师（Python）,北京融联世纪信息技术有限公司,500-2000人,金融,未融资,2020-04-07 16:15:49,北京,22k-26k,3-5年,全职,本科
5358148,资深Python后端开发工程师,恒羿网络科技（上海）有限公司,15-50人,移动互联网 医疗丨健康,B轮,2020-04-07 16:10:53,上海,20k-35k,3-5年,全职,本科
6548432,python开发工程师,北京神州绿盟信息安全科技股份有限公司,500-2000人,信息安全,上市公司,2020-04-07 16:07:57,武汉,15k-25k,不限,全职,本科
6963239,python工程师,贵州电子商务云运营有限责任公司,50-150人,电商 数据服务,未融资,2020-04-07 16:06:05,贵阳,6k-12k,不限,全职,本科
6861235,Python爬虫工程师 (MJ000130),凤凰飞扬（北京）新媒体信息技术有限公司,2000人以上,文娱丨内容,上市公司,2020-04-07 16:05:45,北京,15k-25k,1-3年,全职,本科
6746329,信息系统开发工程师（PYTHON方向）,中汽研汽车工业工程（天津）有限公司,150-500人,企业服务 其他,不需要融资,2020-04-07 15:58:06,天津,8k-12k,1-3年,全职,本科
6838004,Python高级工程师,四川特力飞科技有限公司,50-150人,软件开发 金融,未融资,2020-04-07 15:57:17,成都,12k-16k,5-10年,全职,本科
6817625,python开发,华为技术有限公司,2000人以上,通讯电子,不需要融资,2020-04-07 15:56:31,深圳,15k-30k,3-5年,全职,本科
6694049,Python/Django/后端开发,北京慧达天下科技有限公司,50-150人,移动互联网,A轮,2020-04-07 15:55:50,北京,15k-25k,不限,全职,本科
6875174,Python开发工程师,华扬联众数字技术股份有限公司,2000人以上,移动互联网 广告营销,上市公司,2020-04-07 15:54:41,南京,8k-16k,1-3年,全职,本科
6767238,Python 研发工程师,成都安舟信息技术有限公司,15-50人,信息安全,未融资,2020-04-07 15:53:04,成都,7k-12k,1-3年,全职,本科
6940970,Python开发工程师,珠海市魅族科技有限公司,2000人以上,移动互联网 硬件,A轮,2020-04-07 15:50:33,珠海,10k-17k,3-5年,全职,本科
5959430,Python工程师,深圳市客路网络科技有限公司,500-2000人,旅游,D轮及以上,2020-04-07 15:48:01,深圳,10k-20k,1-3年,全职,本科
5242007,python后台工程师,混沌时代（北京）教育科技有限公司,150-500人,移动互联网 教育,不需要融资,2020-04-07 15:45:24,北京,20k-40k,3-5年,全职,本科
6837973,python中级工程师,四川特力飞科技有限公司,50-150人,软件开发 金融,未融资,2020-04-07 15:57:17,成都,9k-12k,3-5年,全职,本科
4313110,python后台工程师,混沌时代（北京）教育科技有限公司,150-500人,移动互联网 教育,不需要融资,2020-04-07 15:45:23,北京,15k-25k,1-3年,全职,本科
4870150,Python高级讲师,北京优思安科技有限公司,150-500人,教育,A轮,2020-04-07 15:42:38,北京,20k-40k,3-5年,全职,本科
3394415,高级Python开发,上海亦存网络科技有限公司,50-150人,企业服务 数据服务,不需要融资,2020-04-07 15:42:09,上海,20k-40k,3-5年,全职,本科
4744335,高级Python后端工程师,北京理享家商务信息咨询有限公司,150-500人,金融,D轮及以上,2020-04-07 15:37:50,北京,15k-25k,3-5年,全职,本科
6973382,中级C++ 短期 Qt、Python,厦门唐普信息技术有限公司,50-150人,企业服务 数据服务,B轮,2020-04-07 15:36:41,厦门,13k-18k,3-5年,全职,本科
5595152,Lead Go/Python/Java工程师,飞维美地信息技术（北京）有限公司,500-2000人,企业服务 数据服务,上市公司,2020-04-07 15:35:50,北京,35k-45k,5-10年,全职,本科
4968061,Python数据工程师,數立方研究中心有限公司,50-150人,其他,上市公司,2020-04-07 15:34:48,广州,12k-24k,1-3年,全职,本科
4152250,Python高级开发工程师,成都市肆零肆网络科技有限公司,50-150人,信息安全 数据服务,未融资,2020-04-07 15:32:31,成都,10k-18k,3-5年,全职,本科
4904965,Python,浙江乐檬信息技术有限公司,50-150人,企业服务 消费生活,未融资,2020-04-07 15:32:13,宁波,10k-15k,3-5年,全职,本科
6883010,资深python开发工程师,深圳市易博天下科技有限公司,150-500人,移动互联网 消费生活,上市公司,2020-04-07 15:32:07,深圳,18k-25k,5-10年,全职,本科
6937569,python开发工程师,易宝软件科技（南京）有限公司,150-500人,移动互联网,上市公司,2020-04-07 15:32:02,成都,12k-20k,3-5年,全职,本科
6894109,高级Python工程师,杭州兑吧网络科技有限公司,500-2000人,移动互联网,上市公司,2020-04-07 15:31:10,杭州,15k-30k,3-5年,全职,本科
6551599,Python/Go研发工程师,北京国双科技有限公司,500-2000人,数据服务 企业服务,上市公司,2020-04-07 15:25:41,北京,10k-15k,应届毕业生,全职,本科
6939574,python开发工程师,蓝月亮（中国）有限公司,2000人以上,消费生活,不需要融资,2020-04-07 15:24:35,广州,13k-18k,1-3年,全职,本科
3175737,Python高级开发工程师,北京理享家商务信息咨询有限公司,150-500人,金融,D轮及以上,2020-04-07 15:37:50,北京,15k-25k,1-3年,全职,本科
3687374,资深Java/Python/C#/PHP开发,飞维美地信息技术（北京）有限公司,500-2000人,企业服务 数据服务,上市公司,2020-04-07 15:35:49,北京,27k-36k,3-5年,全职,本科
6882991,python开发,深圳市易博天下科技有限公司,150-500人,移动互联网 消费生活,上市公司,2020-04-07 15:32:07,深圳,12k-17k,1-3年,全职,本科
6938663,python开发工程师,易宝软件科技（南京）有限公司,150-500人,移动互联网,上市公司,2020-04-07 15:32:02,杭州,8k-16k,3-5年,全职,本科
6277455,高级Python开发工程师,上海睿畜电子科技有限公司,15-50人,数据服务 硬件,A轮,2020-04-07 15:24:06,上海,16k-23k,3-5年,全职,本科
6943862,实习生（Python方向）,深圳司南数据服务有限公司,15-50人,数据服务,A轮,2020-04-07 15:22:43,深圳,2k-4k,应届毕业生,全职,本科
4703407,Python Web 后端研发工程师,杭州美登科技股份有限公司,15-50人,电商 企业服务,不需要融资,2020-04-07 15:22:23,杭州,15k-30k,1-3年,全职,本科
6660901,高级Python开发工程师,叽里呱啦文化传播（上海）有限公司,500-2000人,移动互联网 教育,B轮,2020-04-07 15:18:44,上海,20k-35k,3-5年,全职,本科
1129193,Python后端工程师,福州微猪信息科技有限公司,少于15人,移动互联网 其他,未融资,2020-04-07 15:15:12,福州,9k-12k,3-5年,全职,大专
6958105,python开发（游戏）,广州和展电子科技有限公司,150-500人,软件开发,未融资,2020-04-07 15:14:44,广州,10k-15k,1-3年,全职,本科
6380834,python工程师,南京云帐房网络科技有限公司北京分公司,150-500人,移动互联网,C轮,2020-04-07 15:14:26,南京,15k-20k,3-5年,全职,本科
2884865,Python工程师,杭州映云科技有限公司,15-50人,企业服务 物联网,A轮,2020-04-07 15:13:55,昆明,6k-12k,1-3年,全职,本科
5268012,Python工程师 - 实习,联合信用投资咨询有限公司,50-150人,金融 数据服务,不需要融资,2020-04-07 15:12:24,天津,3k-4k,不限,实习,本科
6300502,python开发,杭州中焯信息技术股份有限公司,50-150人,金融,不需要融资,2020-04-07 15:12:10,杭州,15k-20k,3-5年,全职,本科
3720481,Python数据与爬虫工程师,北京百观科技有限公司,15-50人,数据服务 金融,A轮,2020-04-07 15:08:58,北京,12k-24k,1-3年,全职,本科
6530860,高级Python开发工程师,上海睿畜电子科技有限公司,15-50人,数据服务 硬件,A轮,2020-04-07 15:24:05,上海,16k-23k,3-5年,全职,本科
4671592,python研发工程师,杭州美登科技股份有限公司,15-50人,电商 企业服务,不需要融资,2020-04-07 15:22:23,杭州,15k-30k,1-3年,全职,本科
6650438,python开发工程师,叽里呱啦文化传播（上海）有限公司,500-2000人,移动互联网 教育,B轮,2020-04-07 15:18:43,上海,15k-30k,1-3年,全职,本科
6662704,python开发工程师,深圳市金证科技股份有限公司,2000人以上,金融,上市公司,2020-04-07 15:06:58,北京,15k-25k,3-5年,全职,本科
6977029,python工程师,北京神州付科技有限公司,150-500人,移动互联网 金融,上市公司,2020-04-07 15:05:31,北京,15k-30k,1-3年,全职,本科
3010852,Python后端开发工程师,克鲁（北京）网络科技有限公司,50-150人,移动互联网 文娱丨内容,B轮,2020-04-07 15:04:53,北京,20k-40k,3-5年,全职,本科
6906127,c++/java/Python/go,上海星暖文化传媒有限公司,15-50人,文娱丨内容,未融资,2020-04-07 15:00:18,北京,30k-60k,5-10年,全职,本科
6922412,Python开发工程师,银河航天（北京）科技有限公司,50-150人,移动互联网,A轮,2020-04-07 14:54:30,北京,15k-30k,5-10年,全职,本科
6480934,openstack研发工程师/架构（Python）,北京京东世纪贸易有限公司,2000人以上,电商,上市公司,2020-04-07 14:54:09,北京,25k-50k,5-10年,全职,本科
6891445,python 开发工程师(J10375),成都知道创宇信息技术有限公司,500-2000人,信息安全,C轮,2020-04-07 14:51:44,成都,12k-20k,3-5年,全职,不限
1565393,Django/Python/后端开发,耘智信息科技（上海）有限公司,15-50人,移动互联网 企业服务,A轮,2020-04-07 14:48:12,上海,20k-35k,3-5年,全职,本科
6579852,测试开发工程师（python）,北京高思博乐教育科技股份有限公司,2000人以上,教育 移动互联网,上市公司,2020-04-07 14:47:04,北京,15k-30k,1-3年,全职,本科
6718522,python软件工程师,六度云计算有限公司北京分公司,50-150人,移动互联网 社交,未融资,2020-04-07 14:45:40,北京,13k-25k,3-5年,全职,本科
4032786,python开发工程师,北京神州绿盟信息安全科技股份有限公司,500-2000人,信息安全,上市公司,2020-04-07 14:44:18,西安,9k-15k,1-3年,全职,本科
6721921,python（odoo)开发工程师,北京鼎润达信息技术有限公司,50-150人,电商,不需要融资,2020-04-07 14:38:57,成都,10k-20k,3-5年,全职,本科
6770290,Python开发工程师（CBB）(J12178),北京神州绿盟信息安全科技股份有限公司,500-2000人,信息安全,上市公司,2020-04-07 14:44:17,西安,12k-18k,1-3年,全职,本科
5966571,算法工程师（Python）,北京深睿博联科技有限责任公司,150-500人,移动互联网 医疗丨健康,C轮,2020-04-07 14:38:09,北京,15k-30k,3-5年,全职,本科
6967019,德科云计算研发工程师-python,西安华为技术有限公司,2000人以上,数据服务 硬件,不需要融资,2020-04-07 14:34:06,西安,10k-20k,不限,全职,本科
5984719,python开发工程师,北京币世界网络科技有限公司,150-500人,移动互联网 金融,A轮,2020-04-07 14:32:10,北京,17k-34k,3-5年,全职,本科
4139441,java开发、C++开发、python、数据库,南京电子工程研究所（中国电子科技集团公司第二十八研究所）,2000人以上,移动互联网 信息安全,不需要融资,2020-04-07 14:28:13,南京,10k-20k,1-3年,全职,硕士
6930376,Python少儿编程讲师,温故知新（上海）教育科技有限公司,15-50人,教育 企业服务,A轮,2020-04-07 14:19:29,上海,8k-12k,3-5年,兼职,本科
6895889,安全研发工程师(python/C)(J10793),中移（苏州）软件技术有限公司,500-2000人,移动互联网,不需要融资,2020-04-07 14:19:06,苏州,20k-30k,3-5年,全职,本科
4646040,python开发工程师,北京向上一心科技有限公司,500-2000人,移动互联网 金融,上市公司,2020-04-07 14:18:14,北京,20k-40k,不限,全职,本科
6798792,Python开发工程师,浙江白鹭资产管理股份有限公司,50-150人,金融,不需要融资,2020-04-07 14:15:54,杭州,15k-25k,3-5年,全职,本科
6966897,Python数据分析工程师,西安几何数字信息技术有限公司,15-50人,移动互联网 数据服务,未融资,2020-04-07 14:05:49,西安,8k-16k,5-10年,全职,本科
6956817,python,成都星阵地科技有限公司,15-50人,移动互联网,天使轮,2020-04-07 14:05:35,成都,12k-24k,3-5年,全职,不限
6805881,Python开发工程师,上海大智慧股份有限公司,500-2000人,移动互联网 金融,上市公司,2020-04-07 14:01:15,上海,10k-20k,1-3年,全职,大专
6274742,python高级讲师,成都蜗牛创想科技有限公司,50-150人,移动互联网 教育,不需要融资,2020-04-07 14:00:34,成都,10k-18k,3-5年,全职,本科
6678872,python开发工程师,普华永道信息技术（上海）有限公司,500-2000人,移动互联网 金融,未融资,2020-04-07 14:00:23,上海,13k-22k,3-5年,全职,本科
5374250,python开发,北京汉迪移动互联网科技股份有限公司,150-500人,移动互联网,不需要融资,2020-04-07 13:59:11,北京,20k-35k,3-5年,全职,本科
6896331,Python开发工程师(J10004),中移（苏州）软件技术有限公司,500-2000人,移动互联网,不需要融资,2020-04-07 14:19:06,苏州,15k-25k,1-3年,全职,本科
6282035,python开发工程师,苏州博纳讯动软件有限公司,150-500人,移动互联网 企业服务,B轮,2020-04-07 13:58:51,上海,15k-20k,3-5年,全职,本科
6734062,Python开发工程师,成都微银合创科技有限公司,15-50人,企业服务 金融,不需要融资,2020-04-07 13:57:20,湖州,5k-8k,应届毕业生,全职,本科
6421727,Python Web工程师,上海担路网络科技有限公司,15-50人,移动互联网 企业服务,未融资,2020-04-07 13:51:33,上海,7k-12k,不限,全职,本科
6935565,Devops研发 - python(J10920),北京仁科互动网络技术有限公司,500-2000人,移动互联网 数据服务,D轮及以上,2020-04-07 13:49:43,北京,15k-22k,3-5年,全职,大专
6869385,PYTHON开发工程师,TCL实业控股股份有限公司,2000人以上,移动互联网 其他,上市公司,2020-04-07 13:48:24,上海,13k-25k,不限,全职,本科
6815019,中级Python开发工程师,北京值得买科技股份有限公司,500-2000人,电子商务,上市公司,2020-04-07 13:45:15,青岛,8k-15k,3-5年,全职,不限
6803253,后端开发工程师（Python/Ruby）,深圳比特屋网络有限公司,15-50人,移动互联网,B轮,2020-04-07 13:43:49,武汉,10k-20k,1-3年,全职,本科
6670907,Python开发工程师,魔珐（上海）信息科技有限公司,50-150人,移动互联网 人工智能,A轮,2020-04-07 13:42:56,上海,18k-30k,3-5年,全职,本科
6986184,大数据开发工程师（Python）,上海诺亚金融服务有限公司,2000人以上,金融,上市公司,2020-04-07 13:42:11,上海,15k-20k,1-3年,全职,本科
6740986,Python/Go开发工程师,新浪网技术（中国）有限公司,2000人以上,文娱丨内容,上市公司,2020-04-07 13:40:59,北京,15k-30k,1-3年,全职,本科
5883394,高级python爬虫工程师,四川无声信息技术有限公司,150-500人,信息安全,不需要融资,2020-04-07 13:38:26,成都,10k-12k,3-5年,全职,本科
6944294,Python开发工程师,北京易华录信息技术股份有限公司,500-2000人,移动互联网,上市公司,2020-04-07 13:37:34,天津,9k-16k,1-3年,全职,本科
6707992,python爬虫实习生,常州指南者教育咨询有限公司,50-150人,教育,不需要融资,2020-04-07 13:36:32,常州,2k-4k,应届毕业生,实习,本科
5741076,Python后端开发,成都知道创宇信息技术有限公司,500-2000人,信息安全,C轮,2020-04-07 13:33:29,成都,8k-10k,1-3年,全职,本科
